name,description,id,width,height,mean color,median,brightest x,brightest y
stock-photo-lipstick-smear-smudge-swatch-isolated-on-white-background-cream-makeup-texture-bright-red-color-1471402472.jpg,lipstick smear smudge swatch isolated on white background cream makeup texture bright red color,1471402472,1500,915,#d9aaac,255.0,0,0
stock-photo-smart-city-and-abstract-dot-point-connect-with-gradient-line-and-aesthetic-intricate-wave-line-1499306735.jpg,smart city and abstract dot point connect with gradient line and aesthetic intricate wave line,1499306735,1500,724,#343f53,48.0,353,18
stock-photo-adult-and-child-hands-holding-red-heart-heart-health-donation-happy-volunteer-charity-csr-1487364161.jpg,adult and child hands holding red heart heart health donation happy volunteer charity csr,1487364161,1500,1101,#9ca49e,194.0,1031,81
stock-photo-happy-family-mother-father-children-son-and-daughter-on-nature-on-sunset-1438256546.jpg,happy family mother father children son and daughter on nature on sunset,1438256546,1500,1024,#ad9979,161.0,243,422
stock-photo-skeleton-zombie-hands-rising-out-of-a-cemetery-halloween-background-1495866737.jpg,skeleton zombie hands rising out of a cemetery halloween background,1495866737,1500,790,#4f6168,85.0,518,74
stock-photo-hurricane-dorian-in-the-carribean-sea-on-its-way-to-us-mainland-in-august-elements-of-this-1492317566.jpg,hurricane dorian in the carribean sea on its way to us mainland in august elements of this,1492317566,1500,1101,#525966,60.0,242,281
stock-photo-zombie-rising-out-of-a-graveyard-cemetery-in-spooky-dark-night-full-moon-holiday-event-halloween-1492357433.jpg,zombie rising out of a graveyard cemetery in spooky dark night full moon holiday event halloween,1492357433,1500,1101,#2f4051,46.0,140,248
stock-photo-close-up-top-view-of-young-business-people-putting-their-hands-together-stack-of-hands-unity-and-1498583432.jpg,close up top view of young business people putting their hands together stack of hands unity and,1498583432,1500,940,#969fac,183.0,68,839
stock-photo-happy-dussehra-greeting-card-green-leaf-rice-1497972686.jpg,happy dussehra greeting card green leaf rice,1497972686,1500,1101,#d09c21,175.0,1031,81
stock-photo-architect-team-having-a-discussion-1380294050.jpg,architect team having a discussion,1380294050,1500,945,#696059,76.0,104,693
stock-photo-october-breast-cancer-awareness-month-woman-in-pink-t-shirt-with-hand-holding-pink-ribbon-for-1505793707.jpg,october breast cancer awareness month woman in pink t shirt with hand holding pink ribbon for,1505793707,1500,760,#bf899c,163.0,690,80
stock-photo-nature-shots-for-the-pros-1506854450.jpg,nature shots for the pros,1506854450,1500,1101,#5a666d,76.0,1031,81
stock-photo-close-up-of-two-businessmen-shaking-hands-in-modern-city-with-double-exposure-of-business-people-1452180959.jpg,close up of two businessmen shaking hands in modern city with double exposure of business people,1452180959,1500,1101,#a1aabc,189.0,728,440
stock-photo-view-of-moon-limb-with-earth-rising-on-the-horizon-footprints-as-an-evidence-of-people-being-there-1454730908.jpg,view of moon limb with earth rising on the horizon footprints as an evidence of people being there,1454730908,1500,1101,#3c3d3d,46.0,39,272
stock-photo-top-view-of-beautiful-young-woman-sleeping-cozily-on-a-bed-in-his-bedroom-at-night-blue-nightly-1427337869.jpg,top view of beautiful young woman sleeping cozily on a bed in his bedroom at night blue nightly,1427337869,1500,945,#202c35,35.0,875,80
stock-photo-suicide-prevention-and-childhood-cancer-awareness-yellow-ribbon-for-supporting-people-living-and-1482160559.jpg,suicide prevention and childhood cancer awareness yellow ribbon for supporting people living and,1482160559,1500,1101,#cfc8bd,236.0,0,4
stock-photo-nice-attractive-stylish-cheerful-cheery-positive-carefree-guys-ladies-having-fun-hanging-out-best-1436812790.jpg,nice attractive stylish cheerful cheery positive carefree guys ladies having fun hanging out best,1436812790,1500,1101,#414474,46.0,1031,81
stock-photo-young-joyful-casual-family-of-two-kids-and-couple-sitting-on-sofa-and-watching-funny-video-or-1499295359.jpg,young joyful casual family of two kids and couple sitting on sofa and watching funny video or,1499295359,1500,1101,#b8a596,186.0,3,44
stock-photo-closeup-view-of-woman-with-drawn-flowers-on-green-chalkboard-space-for-text-teacher-s-day-1508523470.jpg,closeup view of woman with drawn flowers on green chalkboard space for text teacher s day,1508523470,1500,1101,#234838,51.0,314,977
stock-photo-sky-background-on-sunset-nature-abstract-composition-1484678003.jpg,sky background on sunset nature abstract composition,1484678003,1500,1080,#7fa5bb,160.0,1010,80
